rank,cum_expected_profit
1,22.993168419957886
2,45.983059929934015
3,68.96951243465733
4,91.95405051935224
5,114.93827701801212
6,137.91986232182876
7,160.8991455815937
8,183.8775750057514
9,206.85352985926247
10,229.82944381637344
11,252.8047697384353
12,275.77711561643287
13,298.7416694074614
14,321.70349081584925
15,344.66458016205246
16,367.62531506853276
17,390.58376575460863
18,413.53444884752946
19,436.47798358035965
20,459.42117935523567
21,482.3620916808325
22,505.30290353389444
23,528.2411659438832
24,551.1762977114486
25,574.110972838634
26,597.0447145405547
27,619.9759574317569
28,642.8932825440689
29,665.8103909735643
30,688.723059950561
31,711.6277594246691
32,734.5287241215938
33,757.4263259229492
34,780.3209344097194
35,803.2101774399378
36,826.0906486651689
37,848.9695889859355
38,871.8419088359877
39,894.7141612548777
40,917.5837126867723
41,940.450507528459
42,963.3163607529785
43,986.1775017675789
44,1009.0370758840171
45,1031.891769235815
46,1054.7462169098003
47,1077.5959103049765
48,1100.444361346389
49,1123.2884699687704
50,1146.131763823414
51,1168.9642827401567
52,1191.7927940774096
53,1214.6202306138516
54,1237.4457824065248
55,1260.2443895789215
56,1283.0370361337548
57,1305.8165766339482
58,1328.583965026403
59,1351.3484074980088
60,1374.1097072535028
61,1396.846451776466
62,1419.5631128045175
63,1442.2637124109488
64,1464.9555270169883
65,1487.6470854463162
66,1510.3372471391237
67,1533.0269649004192
68,1555.7123061045418
69,1578.3927515332325
70,1601.073167972052
71,1623.748386168538
72,1646.4195048792103
73,1669.0829907491104
74,1691.742268539717
75,1714.395252034672
76,1737.0455518278502
77,1759.6893502546393
78,1782.3292751803854
79,1804.951883127933
80,1827.5635608092336
81,1850.1747500995932
82,1872.7798216712874
83,1895.3777089641117
84,1917.9649335620898
85,1940.5332755185675
86,1963.1012935692404
87,1985.6638952205042
88,2008.199792692294
89,2030.7302238331524
90,2053.2602742343843
91,2075.744298810487
92,2098.2246153823094
93,2120.7005361966794
94,2143.1541720260534
95,2165.606697104904
96,2188.0569554757894
97,2210.49993094096
98,2232.93866856286
99,2255.375062349044
100,2277.8040569716904
101,2300.2249764571475
102,2322.644702937379
103,2345.061186778892
104,2367.472880840363
105,2389.8701137054386
106,2412.2582770893714
107,2434.6417803769664
108,2457.0143158243613
109,2479.383362906217
110,2501.691606017672
111,2523.996890130604
112,2546.289162984843
113,2568.5704149692056
114,2590.8499646064065
115,2613.1275488157376
116,2635.3948809293865
117,2657.6578061768532
118,2679.916986389745
119,2702.1655563114746
120,2724.4110198159906
121,2746.6331752499245
122,2768.8461835197195
123,2791.0532842189587
124,2813.258137952414
125,2835.434801980569
126,2857.6112486953743
127,2879.786182348159
128,2901.9583608875673
129,2924.1285663473923
130,2946.29100427158
131,2968.4369826958273
132,2990.5772002070116
133,3012.708706782397
134,3034.834583525466
135,3056.957721045083
136,3079.0241379366093
137,3101.0864780624815
138,3123.136107723956
139,3145.155707347493
140,3167.1734466857633
141,3189.171347239428
142,3211.124932281498
143,3233.0776639506494
144,3255.0065760203943
145,3276.932231102727
146,3298.841611626999
147,3320.750039084432
148,3342.6555860918907
149,3364.533926135699
150,3386.408765527073
151,3408.2790645066475
152,3430.1411709771637
153,3452.0015456556857
154,3473.861135562802
155,3495.7156161013395
156,3517.564498440767
157,3539.388315630713
158,3561.201750740626
159,3582.9812534755647
160,3604.760474228446
161,3626.514297477512
162,3648.265837787252
163,3670.015913288211
164,3691.7607548369415
165,3713.4891622304744
166,3735.2078434412347
167,3756.898102615157
168,3778.5833869910566
169,3800.2561382713216
170,3821.9254749515408
171,3843.59300505786
172,3865.257365500342
173,3886.914906798581
174,3908.529715900143
175,3930.1429316514786
176,3951.7560822153273
177,3973.3248746883196
178,3994.8672033623907
179,4016.3665675617367
180,4037.8611139618242
181,4059.346899798549
182,4080.8301383466746
183,4102.311742337379
184,4123.793093908543
185,4145.268769863869
186,4166.7441731969575
187,4188.206001148731
188,4209.667603648102
189,4231.127683239881
190,4252.549031355699
191,4273.9532303280275
192,4295.344247292115
193,4316.721764447001
194,4338.089338057453
195,4359.37503382707
196,4380.654506498889
197,4401.9154591726465
198,4423.172664411728
199,4444.424639166139
200,4465.6668651265645
201,4486.889110615756
202,4508.101247554281
203,4529.264564067115
204,4550.403926942058
205,4571.533657791491
206,4592.652400643781
207,4613.746856873499
208,4634.821838513399
209,4655.895342192888
210,4676.936550347202
211,4697.957956624983
212,4718.960100826957
213,4739.947319262488
214,4760.919155641423
215,4781.865629184604
216,4802.758146838729
217,4823.643543139616
218,4844.475780618994
219,4865.267260171993
220,4886.044194728532
221,4906.803998729046
222,4927.563406415847
223,4948.309769753014
224,4969.042499831193
225,4989.773184295543
226,5010.453264512807
227,5031.116036222439
228,5051.761963446308
229,5072.400429919456
230,5092.999815690477
231,5113.598130895449
232,5134.1537312086
233,5154.682511417339
234,5175.12538467316
235,5195.536209540866
236,5215.937684351846
237,5236.334301999334
238,5256.730196183472
239,5277.027307527965
240,5297.3005073964505
241,5317.548708936347
242,5337.79662983183
243,5357.98977555179
244,5378.182160885276
245,5398.351425241008
246,5418.424724051641
247,5438.483317664055
248,5458.538229052284
249,5478.580029708744
250,5498.597653397933
251,5518.591510804652
252,5538.5571900156365
253,5558.522784106332
254,5578.381983871706
255,5598.230379882198
256,5618.073118469934
257,5637.904440531663
258,5657.722974354235
259,5677.540489338742
260,5697.349176636038
261,5717.151656964218
262,5736.928946418118
263,5756.684586874409
264,5776.377822558868
265,5796.049142295016
266,5815.685263998183
267,5835.319638737047
268,5854.944444842191
269,5874.560720379988
270,5894.152453226123
271,5913.659593036948
272,5933.159009285309
273,5952.600234349896
274,5972.003927120999
275,5991.404473779055
276,6010.769414324657
277,6030.126569009439
278,6049.462125174996
279,6068.782053212165
280,6088.098178597672
281,6107.397377111815
282,6126.695057965959
283,6145.949188541868
284,6165.20004166986
285,6184.431727884462
286,6203.650484960616
287,6222.867375512775
288,6242.078026134827
289,6261.286303832238
290,6280.482759476111
291,6299.670803089332
292,6318.816623051398
293,6337.916929423023
294,6356.998921037609
295,6376.055183186231
296,6395.084759637053
297,6414.061584908679
298,6432.992422362086
299,6451.917992492194
300,6470.836335193712
301,6489.742660229673
302,6508.640791253843
303,6527.517246182596
304,6546.378185127204
305,6565.182614915619
306,6583.964665241661
307,6602.738755160349
308,6621.489483023164
309,6640.231852598619
310,6658.924101022564
311,6677.567947014517
312,6696.200249002918
313,6714.824636733432
314,6733.433215134633
315,6751.980925633173
316,6770.518889422696
317,6789.051113793183
318,6807.529319590754
319,6825.937967395871
320,6844.325232578498
321,6862.705387832201
322,6881.068984741007
323,6899.395889986323
324,6917.715376402783
325,6936.004543214013
326,6954.277717858066
327,6972.546390003097
328,6990.800353104433
329,7009.05026418728
330,7027.296965483904
331,7045.542293737282
332,7063.771179366516
333,7081.999608591643
334,7100.196092482804
335,7118.257448115452
336,7136.243145917853
337,7154.198993171383
338,7172.078891337099
339,7189.911633355619
340,7207.733807134458
341,7225.542416986524
342,7243.341033411964
343,7261.12348171395
344,7278.857547210623
345,7296.507927093267
346,7314.140363322943
347,7331.75885021409
348,7349.376825870187
349,7366.99411460441
350,7384.585100770071
351,7402.171831175796
352,7419.703385877121
353,7437.223367009094
354,7454.719032173096
355,7472.1673412222635
356,7489.588871230307
357,7506.978943882801
358,7524.3635936853825
359,7541.7458657922925
360,7559.111180578063
361,7576.474103992911
362,7593.798758664289
363,7611.091110342825
364,7628.358584008004
365,7645.622004754074
366,7662.881433407166
367,7680.123567127194
368,7697.252738914519
369,7714.351029724067
370,7731.447438690209
371,7748.521314243553
372,7765.498651641089
373,7782.397016894994
374,7799.284936701594
375,7816.132798471555
376,7832.970655020262
377,7849.783250157626
378,7866.594122822338
379,7883.390516007378
380,7900.1294402066305
381,7916.775224504494
382,7933.408055169684
383,7950.035776983652
384,7966.655677715969
385,7983.271805588447
386,7999.8800289267365
387,8016.456087726836
388,8033.024765606726
389,8049.592563937663
390,8066.152585013171
391,8082.634408547536
392,8099.108146235944
393,8115.570630213532
394,8132.022962068914
395,8148.454532065615
396,8164.862121982042
397,8181.265160921768
398,8197.664159793505
399,8214.04745380908
400,8230.423128471914
401,8246.765240924591
402,8263.061535024073
403,8279.330015473297
404,8295.464567844525
405,8311.560941922882
406,8327.645220277733
407,8343.67688270103
408,8359.685814417104
409,8375.675431576134
410,8391.64431227483
411,8407.603734730308
412,8423.537699964103
413,8439.4709332428
414,8455.385201457972
415,8471.282407260976
416,8487.113873189313
417,8502.93805584275
418,8518.700883719112
419,8534.45627367204
420,8550.157760190414
421,8565.83999699544
422,8581.518964978897
423,8597.150024603547
424,8612.77376619393
425,8628.391038084637
426,8643.997295427787
427,8659.579271989456
428,8675.156936873438
429,8690.725036928112
430,8706.265761417073
431,8721.796942795258
432,8737.284785454554
433,8752.71161041882
434,8768.095297951677
435,8783.435879138297
436,8798.774624067048
437,8814.062374558902
438,8829.315265242065
439,8844.518270970677
440,8859.701222712469
441,8874.87775060842
442,8890.01555728255
443,8905.121999306388
444,8920.215143635747
445,8935.214396555763
446,8950.142597411914
447,8965.03102369407
448,8979.88827293806
449,8994.729849078218
450,9009.55922642322
451,9024.375324246672
452,9039.18116505174
453,9053.986947022204
454,9068.787441535898
455,9083.555552575059
456,9098.313610599565
457,9113.065646888348
458,9127.801773111609
459,9142.527626906982
460,9157.22263425091
461,9171.914024884596
462,9186.566967016654
463,9201.21627550684
464,9215.819693698193
465,9230.420606119345
466,9245.014130691707
467,9259.569698286876
468,9274.101173671474
469,9288.581946895716
470,9302.992298336549
471,9317.385868308376
472,9331.778390858013
473,9346.14354075473
474,9360.476132941092
475,9374.791346683463
476,9389.096611443414
477,9403.374356189172
478,9417.64739846359
479,9431.919981794448
480,9446.162211294937
481,9460.375902491181
482,9474.538053906297
483,9488.697913690017
484,9502.80365230157
485,9516.795739194364
486,9530.74788603216
487,9544.699044909174
488,9558.636751414366
489,9572.560942470513
490,9586.48106252209
491,9600.36949476702
492,9614.239288462297
493,9628.098700928187
494,9641.948988420107
495,9655.767484436414
496,9669.57746712268
497,9683.372295990603
498,9697.166054852214
499,9710.92653480871
500,9724.656443033653
501,9738.363585096979
502,9752.037105905409
503,9765.697196958436
504,9779.351484559049
505,9792.995553263496
506,9806.621213570643
507,9820.238279829684
508,9833.824849425222
509,9847.321218818204
510,9860.76870824041
511,9874.198042132673
512,9887.625093129163
513,9900.927596987081
514,9914.200957474948
515,9927.43566936388
516,9940.619148394144
517,9953.798327977238
518,9966.976407626795
519,9980.08793170901
520,9993.17991240606
521,10006.245312256602
522,10019.284623417521
523,10032.315535603646
524,10045.344222742142
525,10058.365225883275
526,10071.360166239308
527,10084.284916485034
528,10097.177828641446
529,10109.933672146872
530,10122.643246642785
531,10135.348315410196
532,10148.041485181051
533,10160.668979841948
534,10173.24865763523
535,10185.80795577702
536,10198.366354470912
537,10210.916511953912
538,10223.461371401585
539,10235.99188979508
540,10248.455267309326
541,10260.897633479117
542,10273.319299741732
543,10285.732954423831
544,10298.100720332797
545,10310.449569070986
546,10322.751387230972
547,10335.052213556377
548,10347.336822717798
549,10359.605477965359
550,10371.850334646031
551,10384.091737207156
552,10396.321409970205
553,10408.548299229069
554,10420.747398468899
555,10432.913732314904
556,10445.024882468737
557,10457.11148554467
558,10469.158374690898
559,10481.201894884882
560,10493.243907264801
561,10505.275396785044
562,10517.300564411602
563,10529.313115278275
564,10541.296511681227
565,10553.265945041925
566,10565.194356319855
567,10577.048931508913
568,10588.897532969273
569,10600.725118257351
570,10612.540024712825
571,10624.30369783659
572,10636.048492234122
573,10647.789135440822
574,10659.517618796364
575,10671.23761356855
576,10682.943983364363
577,10694.58741228706
578,10706.22304049209
579,10717.831059847707
580,10729.439031153493
581,10740.963931031954
582,10752.44891145045
583,10763.903641160612
584,10775.29391730313
585,10786.683343013812
586,10798.06466511152
587,10809.433593933825
588,10820.785166385422
589,10832.117972449742
590,10843.424534686801
591,10854.702747611955
592,10865.979177153806
593,10877.251854769116
594,10888.488966376506
595,10899.70160253398
596,10910.912190164372
597,10922.10272069115
598,10933.292259039814
599,10944.3711754597
600,10955.40773598692
601,10966.434885003206
602,10977.460896331333
603,10988.481998550391
604,10999.469466367278
605,11010.455315683945
606,11021.434517596474
607,11032.337207572917
608,11043.21297051755
609,11054.071904237868
610,11064.927365583415
611,11075.746206355141
612,11086.564659383845
613,11097.368872859883
614,11108.170658567942
615,11118.969370556895
616,11129.764355653631
617,11140.551628574636
618,11151.323812197212
619,11162.005957526157
620,11172.668045461978
621,11183.27308970944
622,11193.869627483014
623,11204.426696605164
624,11214.974507112809
625,11225.49902319872
626,11236.01085831718
627,11246.518288486739
628,11256.985692365357
629,11267.43128766565
630,11277.86274575338
631,11288.264705377205
632,11298.61915690605
633,11308.971627674908
634,11319.234137442083
635,11329.445895526633
636,11339.63841124188
637,11349.824099353633
638,11360.007924674466
639,11370.191388963112
640,11380.340841967562
641,11390.473750045972
642,11400.581333876618
643,11410.688804842666
644,11420.78242586188
645,11430.865770138877
646,11440.92731663993
647,11450.920513729665
648,11460.838418651747
649,11470.711067878503
650,11480.580283938518
651,11490.438460150019
652,11500.295281115057
653,11510.14113266315
654,11519.937849722954
655,11529.72907206519
656,11539.50653582441
657,11549.23633020325
658,11558.954911494076
659,11568.666088298787
660,11578.361619141688
661,11588.01853303515
662,11597.659915630467
663,11607.300580998153
664,11616.930899744502
665,11626.556157742853
666,11636.175119389909
667,11645.737392923196
668,11655.28896498361
669,11664.832491397006
670,11674.373575931779
671,11683.8736158821
672,11693.362327473951
673,11702.833301445673
674,11712.272917150403
675,11721.705969202065
676,11731.061252057465
677,11740.40743063969
678,11749.739619883532
679,11759.01429499218
680,11768.210458752368
681,11777.396476256157
682,11786.51747774357
683,11795.615170250958
684,11804.704855551716
685,11813.747852398492
686,11822.74081501151
687,11831.693738999411
688,11840.551779504569
689,11849.393546775755
690,11858.227954135338
691,11867.049528849924
692,11875.83930879202
693,11884.624448817483
694,11893.408220367892
695,11902.186882467762
696,11910.964794917616
697,11919.72518097552
698,11928.445547377374
699,11937.14909948126
700,11945.804404124838
701,11954.453064062
702,11963.073039270841
703,11971.69016166389
704,11980.28640128951
705,11988.881158963955
706,11997.381744908516
707,12005.874744154917
708,12014.363482332317
709,12022.849785405646
710,12031.334528008576
711,12039.815984137327
712,12048.272949789563
713,12056.71420484726
714,12065.142554422953
715,12073.541299376171
716,12081.932207478472
717,12090.295464543915
718,12098.647094915408
719,12106.985770745494
720,12115.287190878998
721,12123.576500972162
722,12131.865231360933
723,12140.140247236392
724,12148.348160133519
725,12156.55413292613
726,12164.755119740927
727,12172.93676851285
728,12181.11820557389
729,12189.238492455639
730,12197.351889046959
731,12205.461167675876
732,12213.56752707645
733,12221.628853994569
734,12229.685839770602
735,12237.742657125777
736,12245.783877092523
737,12253.81423898276
738,12261.83246234074
739,12269.809687898976
740,12277.779476012309
741,12285.748276267257
742,12293.705717106268
743,12301.659052494686
744,12309.611799341232
745,12317.438679033316
746,12325.25407457202
747,12333.067463318119
748,12340.87913635429
749,12348.68702117312
750,12356.491447094628
751,12364.276779523047
752,12372.018391777188
753,12379.673182856666
754,12387.317370150637
755,12394.93067468508
756,12402.501348629768
757,12410.047960823907
758,12417.588119552966
759,12425.111547205282
760,12432.603738464419
761,12440.08280558334
762,12447.557297161473
763,12455.015191423581
764,12462.459113360468
765,12469.892581598131
766,12477.325274574125
767,12484.7556185237
768,12492.139643710785
769,12499.510026970884
770,12506.866009882722
771,12514.190502869504
772,12521.469579879082
773,12528.722022439333
774,12535.95582271939
775,12543.185143201132
776,12550.41251312378
777,12557.636754855335
778,12564.82870591829
779,12571.993329015446
780,12579.12578230524
781,12586.203479790145
782,12593.269247985842
783,12600.304097053699
784,12607.33731252012
785,12614.347810640189
786,12621.35397338301
787,12628.346049648047
788,12635.324705593155
789,12642.2704313622
790,12649.215637132824
791,12656.15725015658
792,12663.090417981448
793,12670.022572207734
794,12676.945322776171
795,12683.864655831874
796,12690.768780515175
797,12697.670082677312
798,12704.550462569377
799,12711.423116600297
800,12718.269754720492
801,12725.093577176993
802,12731.912467955066
803,12738.722741026413
804,12745.513763913585
805,12752.285766311492
806,12759.035393812232
807,12765.772154772085
808,12772.50584656059
809,12779.226157170222
810,12785.89698042535
811,12792.551912732628
812,12799.17446843764
813,12805.778354294353
814,12812.371069743918
815,12818.955869198106
816,12825.534177441665
817,12832.110959288364
818,12838.66746232874
819,12845.219102787987
820,12851.727652101386
821,12858.222047126936
822,12864.712562656421
823,12871.202626128046
824,12877.689126140409
825,12884.138448443493
826,12890.508091726262
827,12896.876243811554
828,12903.242536931424
829,12909.601427068828
830,12915.96020120128
831,12922.299156187917
832,12928.623749319884
833,12934.929686713109
834,12941.23463859585
835,12947.537044428871
836,12953.8331691128
837,12960.119780005774
838,12966.382101210946
839,12972.640079976536
840,12978.84339837588
841,12985.046332960343
842,12991.245687592143
843,12997.398725201581
844,13003.54889263422
845,13009.69293291339
846,13015.831999856286
847,13021.94969860604
848,13028.0229100548
849,13034.080059801252
850,13040.125197483672
851,13046.155305076078
852,13052.142420801943
853,13058.1145439584
854,13064.085296322142
855,13070.051616874429
856,13076.006933689787
857,13081.95619928609
858,13087.901680669733
859,13093.837401559023
860,13099.772140384111
861,13105.698125937239
862,13111.623867211865
863,13117.528029774785
864,13123.426234426894
865,13129.318254623253
866,13135.151464379576
867,13140.978193600307
868,13146.79357013082
869,13152.607831246049
870,13158.402009543182
871,13164.19315484645
872,13169.975993144304
873,13175.746385582475
874,13181.508175868086
875,13187.260823013956
876,13193.004889894944
877,13198.685194783611
878,13204.353088556029
879,13210.009275445274
880,13215.646981598054
881,13221.284233657014
882,13226.921453304243
883,13232.533676234
884,13238.132101311654
885,13243.729071996024
886,13249.316469248872
887,13254.89598993099
888,13260.46590130089
889,13266.02978159794
890,13271.581309880796
891,13277.112409835381
892,13282.639214596016
893,13288.16286830345
894,13293.662935611423
895,13299.13553935554
896,13304.590422972353
897,13310.044765679972
898,13315.489361254502
899,13320.923347145419
900,13326.353809284945
901,13331.776501050921
902,13337.188290326663
903,13342.570672345524
904,13347.935305979472
905,13353.284621117355
906,13358.622221409243
907,13363.9335962867
908,13369.231868096578
909,13374.529924073448
910,13379.80675164086
911,13385.07792959486
912,13390.343070009343
913,13395.5990345119
914,13400.853334189776
915,13406.10598842604
916,13411.336390816463
917,13416.554426657482
918,13421.763334498806
919,13426.965909169237
920,13432.160681462976
921,13437.350841032803
922,13442.516577797101
923,13447.668798126742
924,13452.8090795799
925,13457.927133660787
926,13463.035811167554
927,13468.142398730692
928,13473.239806028932
929,13478.303468437274
930,13483.342187744536
931,13488.379587671596
932,13493.399828249168
933,13498.407112998904
934,13503.368184161043
935,13508.321940937849
936,13513.25773794953
937,13518.187004586032
938,13523.082918880538
939,13527.95808434199
940,13532.830211495902
941,13537.698442658591
942,13542.559193354211
943,13547.417689218479
944,13552.264144379185
945,13557.109102577098
946,13561.948389666151
947,13566.784162838609
948,13571.615284776122
949,13576.410640962305
950,13581.199955442313
951,13585.964776044753
952,13590.724065683009
953,13595.460167348196
954,13600.19485741905
955,13604.92370475653
956,13609.62607252764
957,13614.323402945161
958,13619.0000673147
959,13623.663511198936
960,13628.31911272552
961,13632.972508614941
962,13637.620990678224
963,13642.262246847273
964,13646.901325684863
965,13651.539046012475
966,13656.172696465273
967,13660.789478253337
968,13665.393711354127
969,13669.996364572393
970,13674.596699063415
971,13679.19276912259
972,13683.78816106165
973,13688.378241511786
974,13692.956327874206
975,13697.52401836257
976,13702.06105728475
977,13706.596571995111
978,13711.131572540806
979,13715.662173101959
980,13720.144358315623
981,13724.61632645034
982,13729.085584939641
983,13733.550605527322
984,13737.99883512312
985,13742.434352942626
986,13746.854805236995
987,13751.258213588328
988,13755.6555976263
989,13760.052688470118
990,13764.404273428017
991,13768.750551742749
992,13773.091775933417
993,13777.41436522727
994,13781.725993747592
995,13786.031980829643
996,13790.315856394152
997,13794.590420872593
998,13798.864612208941
999,13803.132441307524
1000,13807.396404980973
1001,13811.656654010974
1002,13815.9133221194
1003,13820.160250120392
1004,13824.39209445162
1005,13828.592886364546
1006,13832.777278830567
1007,13836.951218707049
1008,13841.119676784523
1009,13845.268842601112
1010,13849.389641579619
1011,13853.509121230612
1012,13857.616069381222
1013,13861.716709771374
1014,13865.798607206483
1015,13869.875984373206
1016,13873.952452408666
1017,13878.021022601377
1018,13882.083649448126
1019,13886.141803300618
1020,13890.183026875831
1021,13894.220168636699
1022,13898.245144261768
1023,13902.264562182641
1024,13906.269275456523
1025,13910.271782610413
1026,13914.268576552897
1027,13918.264342919998
1028,13922.259518253533
1029,13926.238352023236
1030,13930.211625323438
1031,13934.177552979116
1032,13938.118569937524
1033,13942.044194150787
1034,13945.950327886363
1035,13949.85079959411
1036,13953.73641097574
1037,13957.61970267188
1038,13961.495791889018
1039,13965.367654013022
1040,13969.236757402638
1041,13973.105739686358
1042,13976.971703446843
1043,13980.837624022015
1044,13984.668722170136
1045,13988.489330525374
1046,13992.308451511371
1047,13996.111611824652
1048,13999.887918680206
1049,14003.661855228971
1050,14007.434321936262
1051,14011.198218026559
1052,14014.946395498975
1053,14018.686480807359
1054,14022.424941813453
1055,14026.135189376204
1056,14029.843355347344
1057,14033.549523790118
1058,14037.245621063976
1059,14040.938192837235
1060,14044.61962029097
1061,14048.299731292043
1062,14051.962895770428
1063,14055.620555048656
1064,14059.276238571361
1065,14062.918664042785
1066,14066.534662026981
1067,14070.145577904601
1068,14073.752460308377
1069,14077.319199939737
1070,14080.88191924811
1071,14084.439961812837
1072,14087.991431054657
1073,14091.542152728132
1074,14095.084424484847
1075,14098.605389412767
1076,14102.107377340752
1077,14105.606220951382
1078,14109.092156823184
1079,14112.574279581246
1080,14116.054296506287
1081,14119.533732155249
1082,14123.01102553787
1083,14126.47810315399
1084,14129.93774166434
1085,14133.397332160594
1086,14136.84930034649
1087,14140.295594860898
1088,14143.7065757378
1089,14147.104566823695
1090,14150.467406927015
1091,14153.824407332459
1092,14157.174616779008
1093,14160.522485996255
1094,14163.863407878727
1095,14167.193850384067
1096,14170.517698612945
1097,14173.83903666058
1098,14177.147727910857
1099,14180.454081104896
1100,14183.73959862074
1101,14187.024961294985
1102,14190.299192473245
1103,14193.556667406348
1104,14196.811590908728
1105,14200.05676873026
1106,14203.299285976256
1107,14206.5310050512
1108,14209.745748978265
1109,14212.958764651177
1110,14216.171357469177
1111,14219.37558267848
1112,14222.569402189638
1113,14225.763131851036
1114,14228.94738894063
1115,14232.12380661572
1116,14235.279199051722
1117,14238.425230441127
1118,14241.565196555113
1119,14244.70487871834
1120,14247.841669805131
1121,14250.974936713641
1122,14254.102709210025
1123,14257.22344475936
1124,14260.333617853068
1125,14263.442471630357
1126,14266.549582499643
1127,14269.64820053446
1128,14272.737837700322
1129,14275.822025080264
1130,14278.895166708571
1131,14281.953635328093
1132,14284.99686025226
1133,14288.033296393198
1134,14291.059054666179
1135,14294.080920583603
1136,14297.064598214272
1137,14300.027643704669
1138,14302.985973401059
1139,14305.944004110615
1140,14308.900205746006
1141,14311.844555015292
1142,14314.774515713767
1143,14317.686538252065
1144,14320.579450711988
1145,14323.45471075028
1146,14326.292474304211
1147,14329.128739381309
1148,14331.961507031205
1149,14334.774862747714
1150,14337.553554687895
1151,14340.318612791285
1152,14343.081074009151
1153,14345.834456065302
1154,14348.57803432026
1155,14351.304064511422
1156,14354.010458718029
1157,14356.706728085524
1158,14359.402192337826
1159,14362.093989590683
1160,14364.784379107661
1161,14367.464926748284
1162,14370.134294288571
1163,14372.795075402651
1164,14375.449871789002
1165,14378.09936307566
1166,14380.748628254396
1167,14383.395137725016
1168,14386.04133570141
1169,14388.657322601768
1170,14391.267044416763
1171,14393.864800636764
1172,14396.458426102014
1173,14399.045074964113
1174,14401.609305121478
1175,14404.161523501589
1176,14406.71281193189
1177,14409.258690549352
1178,14411.791924497673
1179,14414.311702386765
1180,14416.827893279962
1181,14419.342070193676
1182,14421.84780377384
1183,14424.327884735772
1184,14426.801908692718
1185,14429.269482274221
1186,14431.736174533402
1187,14434.196385983814
1188,14436.644211409846
1189,14439.09091461895
1190,14441.537538901026
1191,14443.9789646607
1192,14446.419732375163
1193,14448.856517473854
1194,14451.278631773115
1195,14453.70011331545
1196,14456.119970573764
1197,14458.537052844527
1198,14460.951989767287
1199,14463.36632350288
1200,14465.7676325594
1201,14468.166101747036
1202,14470.556379624411
1203,14472.935986985782
1204,14475.303984262102
1205,14477.660715082133
1206,14480.017073110886
1207,14482.35340627711
1208,14484.688974762903
1209,14487.022535415768
1210,14489.344598453972
1211,14491.664478260278
1212,14493.969924883648
1213,14496.266427462428
1214,14498.560245243883
1215,14500.84990890229
1216,14503.13247009168
1217,14505.404097920056
1218,14507.665008456946
1219,14509.92441716496
1220,14512.165584935465
1221,14514.397199762883
1222,14516.62799362748
1223,14518.853273911873
1224,14521.068652159925
1225,14523.282780534017
1226,14525.494034044255
1227,14527.704441161752
1228,14529.913381205126
1229,14532.112123603481
1230,14534.306735361042
1231,14536.494347710715
1232,14538.681658461106
1233,14540.867446581764
1234,14543.033897719739
1235,14545.200115987273
1236,14547.359579719925
1237,14549.502562180249
1238,14551.639813017753
1239,14553.776117869524
1240,14555.901833767986
1241,14558.027194044424
1242,14560.143136308445
1243,14562.257976403289
1244,14564.361577186915
1245,14566.465133841122
1246,14568.560031190906
1247,14570.648155382834
1248,14572.730406415452
1249,14574.811978092688
1250,14576.884253926191
1251,14578.956415437959
1252,14581.018382967892
1253,14583.079509611
1254,14585.138713630276
1255,14587.194409023014
1256,14589.237102691559
1257,14591.277830795594
1258,14593.30872398887
1259,14595.333895670068
1260,14597.357407591684
1261,14599.380327601519
1262,14601.401785887756
1263,14603.422217728108
1264,14605.441328407265
1265,14607.454957359289
1266,14609.468046525728
1267,14611.47847422909
1268,14613.487896649793
1269,14615.495866693884
1270,14617.497819380445
1271,14619.47962200062
1272,14621.457085179856
1273,14623.42210466119
1274,14625.386714091861
1275,14627.347705862134
1276,14629.305386270571
1277,14631.25500025794
1278,14633.202639577683
1279,14635.14824357875
1280,14637.092762126304
1281,14639.037153621575
1282,14640.981022644062
1283,14642.922942644977
1284,14644.856781611075
1285,14646.780361328252
1286,14648.685791650621
1287,14650.589336690111
1288,14652.486938299367
1289,14654.380394846254
1290,14656.272159453807
1291,14658.145090875785
1292,14660.00872930415
1293,14661.861576652931
1294,14663.706223537425
1295,14665.544093351657
1296,14667.374905088402
1297,14669.20352422446
1298,14671.024592788692
1299,14672.84457792514
1300,14674.663283928818
1301,14676.479662109126
1302,14678.282224766195
1303,14680.08368920162
1304,14681.883295802563
1305,14683.68136635624
1306,14685.465758782137
1307,14687.249843908176
1308,14689.027925701315
1309,14690.80264827808
1310,14692.575517704947
1311,14694.343538743464
1312,14696.11043754906
1313,14697.85775747432
1314,14699.60326676785
1315,14701.344529512302
1316,14703.073315315893
1317,14704.796361212173
1318,14706.513598535972
1319,14708.227280938952
1320,14709.937934018973
1321,14711.641473757549
1322,14713.34035364424
1323,14715.037526042186
1324,14716.724608876211
1325,14718.408053652915
1326,14720.087801750264
1327,14721.765016812607
1328,14723.437636094326
1329,14725.101366269482
1330,14726.764674564583
1331,14728.427901670211
1332,14730.084910262114
1333,14731.736025957867
1334,14733.380199446889
1335,14735.020289427737
1336,14736.639764289588
1337,14738.258236437418
1338,14739.862153887612
1339,14741.454159160825
1340,14743.036266655201
1341,14744.617537066262
1342,14746.172198768118
1343,14747.724661040511
1344,14749.274423946083
1345,14750.81997771197
1346,14752.35309799114
1347,14753.884181430234
1348,14755.409130217002
1349,14756.932792387992
1350,14758.451640231853
1351,14759.96856887906
1352,14761.467499621269
1353,14762.96541812933
1354,14764.457279202994
1355,14765.943755414077
1356,14767.42337684332
1357,14768.90205927596
1358,14770.372568723042
1359,14771.83260391299
1360,14773.292259448604
1361,14774.747578012815
1362,14776.201439421275
1363,14777.651671213416
1364,14779.10057722806
1365,14780.545318458693
1366,14781.989779753534
1367,14783.423184451087
1368,14784.85327798765
1369,14786.28317897976
1370,14787.698998865093
1371,14789.107823468712
1372,14790.509179003957
1373,14791.906933772872
1374,14793.294037618018
1375,14794.679641531502
1376,14796.063675156081
1377,14797.439707261536
1378,14798.814925773915
1379,14800.175506302108
1380,14801.533934543373
1381,14802.885769529987
1382,14804.228418207415
1383,14805.569397544383
1384,14806.896551300355
1385,14808.222722657343
1386,14809.534943784447
1387,14810.845526252167
1388,14812.153771114194
1389,14813.452618158497
1390,14814.748134600786
1391,14816.037517911227
1392,14817.325864360137
1393,14818.604460592871
1394,14819.881078374648
1395,14821.155299448244
1396,14822.429417028483
1397,14823.69823369255
1398,14824.96330016432
1399,14826.221192244053
1400,14827.478295391214
1401,14828.723221057107
1402,14829.963440315443
1403,14831.203101846642
1404,14832.438547650778
1405,14833.671267368783
1406,14834.901771468167
1407,14836.126986716466
1408,14837.341180865526
1409,14838.552113042326
1410,14839.762597930874
1411,14840.97149948203
1412,14842.171083324592
1413,14843.35875125809
1414,14844.542521148785
1415,14845.71758061303
1416,14846.890281121243
1417,14848.038635580684
1418,14849.1699358668
1419,14850.299911755908
1420,14851.422280335171
1421,14852.542086543057
1422,14853.657093654485
1423,14854.769552743985
1424,14855.879823562755
1425,14856.98960398377
1426,14858.095795318999
1427,14859.201880808634
1428,14860.305113204275
1429,14861.404754324594
1430,14862.503364755727
1431,14863.599028182605
1432,14864.690316243616
1433,14865.771287389147
1434,14866.850184380113
1435,14867.927957134129
1436,14869.004763905676
1437,14870.074007689907
1438,14871.130776165619
1439,14872.178022720409
1440,14873.21548066342
1441,14874.248592185
1442,14875.27646641222
1443,14876.29263074534
1444,14877.308140525873
1445,14878.31570789501
1446,14879.313640519746
1447,14880.310975239772
1448,14881.304174176898
1449,14882.295706776335
1450,14883.286154200094
1451,14884.273672306777
1452,14885.255790070229
1453,14886.237708646093
1454,14887.217961054668
1455,14888.19499058713
1456,14889.171294894923
1457,14890.146247458275
1458,14891.120694986843
1459,14892.091771496986
1460,14893.06008018958
1461,14894.028092179276
1462,14894.995221720068
1463,14895.957373058274
1464,14896.918951954236
1465,14897.879796350657
1466,14898.834650263196
1467,14899.776625074628
1468,14900.718278168346
1469,14901.65835939669
1470,14902.595873180226
1471,14903.525618904336
1472,14904.455246820482
1473,14905.381097709726
1474,14906.304927741085
1475,14907.220793998156
1476,14908.133023374783
1477,14909.042942781432
1478,14909.951479828724
1479,14910.8546187382
1480,14911.754119709032
1481,14912.649967942445
1482,14913.53620844001
1483,14914.418133903579
1484,14915.294392142017
1485,14916.16549497422
1486,14917.034331843774
1487,14917.903057026437
1488,14918.769146055527
1489,14919.633767261295
1490,14920.48885759305
1491,14921.337271672888
1492,14922.183537950285
1493,14923.028038738046
1494,14923.869941132063
1495,14924.711209477378
1496,14925.545477403977
1497,14926.376478406524
1498,14927.206432426536
1499,14928.035273560556
1500,14928.862129348769
1501,14929.686680271137
1502,14930.508998834099
1503,14931.32746559684
1504,14932.145246454576
1505,14932.961996505519
1506,14933.776705600692
1507,14934.58584167732
1508,14935.384892209308
1509,14936.182679819525
1510,14936.977707736301
1511,14937.770657648129
1512,14938.562718452878
1513,14939.346431304075
1514,14940.128927252086
1515,14940.903477856982
1516,14941.673083517304
1517,14942.438114296661
1518,14943.201712908503
1519,14943.961352792556
1520,14944.720675371722
1521,14945.470068377384
1522,14946.21750423792
1523,14946.963440815309
1524,14947.706859252714
1525,14948.44262832578
1526,14949.177899173941
1527,14949.902003716941
1528,14950.62367429189
1529,14951.34227423145
1530,14952.058530908409
1531,14952.773876760495
1532,14953.488527612144
1533,14954.19201211028
1534,14954.894761581425
1535,14955.59576334264
1536,14956.295631182817
1537,14956.993490796469
1538,14957.680188517495
1539,14958.357431963763
1540,14959.032573644385
1541,14959.703363157594
1542,14960.373245049852
1543,14961.035910974975
1544,14961.697426518793
1545,14962.355427139444
1546,14963.004439403905
1547,14963.652926671717
1548,14964.300776341128
1549,14964.930281168434
1550,14965.557467426124
1551,14966.175538836344
1552,14966.789124622344
1553,14967.395141707788
1554,14967.999955305255
1555,14968.595499759555
1556,14969.188483740689
1557,14969.775542583247
1558,14970.36231615617
1559,14970.936079024967
1560,14971.499377420652
1561,14972.062437582486
1562,14972.6144591586
1563,14973.166176478837
1564,14973.710912223762
1565,14974.249599242758
1566,14974.778443493287
1567,14975.307127040805
1568,14975.835536288985
1569,14976.355072133278
1570,14976.87179788567
1571,14977.383808781535
1572,14977.894518359897
1573,14978.404240363028
1574,14978.912470836953
1575,14979.419389487
1576,14979.926201476032
1577,14980.432408412402
1578,14980.93242669193
1579,14981.428225108859
1580,14981.922752757844
1581,14982.41578854052
1582,14982.902526037393
1583,14983.385936090128
1584,14983.868339284623
1585,14984.346517555552
1586,14984.823127682837
1587,14985.299275061774
1588,14985.766739677281
1589,14986.227318156489
1590,14986.68617985419
1591,14987.14491823603
1592,14987.602261284157
1593,14988.058283615388
1594,14988.510241645045
1595,14988.962174325561
1596,14989.412938791
1597,14989.861466852388
1598,14990.306276938829
1599,14990.74979876047
1600,14991.188291440916
1601,14991.62337010558
1602,14992.056092289984
1603,14992.486297867415
1604,14992.911061187533
1605,14993.326566109674
1606,14993.740330115988
1607,14994.148373031123
1608,14994.553417977737
1609,14994.958274859559
1610,14995.362963858874
1611,14995.767250942805
1612,14996.169920244225
1613,14996.56905432238
1614,14996.965724946509
1615,14997.360427142774
1616,14997.750429414631
1617,14998.139729617946
1618,14998.52862491577
1619,14998.910944020072
1620,14999.291121697828
1621,14999.667813812803
1622,15000.040964604359
1623,15000.412875053515
1624,15000.777197762918
1625,15001.13995053497
1626,15001.499746460755
1627,15001.856203512154
1628,15002.208253871588
1629,15002.55959406059
1630,15002.90941901545
1631,15003.254929700854
1632,15003.599570853496
1633,15003.943399038186
1634,15004.286043737386
1635,15004.622280173788
1636,15004.956427665507
1637,15005.288940709403
1638,15005.6205480643
1639,15005.95150932436
1640,15006.280808969075
1641,15006.606860622227
1642,15006.927363368053
1643,15007.24668110018
1644,15007.565893305551
1645,15007.884893164593
1646,15008.2006418611
1647,15008.51403119825
1648,15008.82285776207
1649,15009.131507875767
1650,15009.434641311536
1651,15009.726634022212
1652,15010.016097341315
1653,15010.298275135861
1654,15010.575094136875
1655,15010.848548351141
1656,15011.114759909626
1657,15011.379303665659
1658,15011.641699975884
1659,15011.90342591258
1660,15012.156336822745
1661,15012.406887084679
1662,15012.657039697786
1663,15012.903638759617
1664,15013.1495688499
1665,15013.391711646658
1666,15013.633037188181
1667,15013.874295088119
1668,15014.103794867297
1669,15014.327668994949
1670,15014.550423945431
1671,15014.77140785293
1672,15014.991359751082
1673,15015.20732507075
1674,15015.418405701725
1675,15015.621557917164
1676,15015.822626873249
1677,15016.023199490386
1678,15016.220856195956
1679,15016.417984225302
1680,15016.61447303771
1681,15016.801195885806
1682,15016.98643986653
1683,15017.16991718296
1684,15017.348129511318
1685,15017.522046941687
1686,15017.695152014609
1687,15017.86575378909
1688,15018.025291852957
1689,15018.183174260923
1690,15018.339729001294
1691,15018.491317090926
1692,15018.642670821482
1693,15018.793631859808
1694,15018.944550556405
1695,15019.091889287454
1696,15019.237063181174
1697,15019.380823054193
1698,15019.520454663947
1699,15019.658919093168
1700,15019.794572839573
1701,15019.929605874346
1702,15020.064232584928
1703,15020.193385796461
1704,15020.31248840225
1705,15020.428883349228
1706,15020.541811846375
1707,15020.654642437172
1708,15020.76723589468
1709,15020.879583877313
1710,15020.98893525609
1711,15021.096611739284
1712,15021.198885399333
1713,15021.300598207834
1714,15021.401372587732
1715,15021.498820660774
1716,15021.59560632934
1717,15021.690877087318
1718,15021.779346217596
1719,15021.86640682051
1720,15021.94993536312
1721,15022.031704953331
1722,15022.112626205719
1723,15022.19310184155
1724,15022.269950349593
1725,15022.346538881196
1726,15022.422082150953
1727,15022.489866796506
1728,15022.55295173123
1729,15022.610661586159
1730,15022.667386648469
1731,15022.723618446016
1732,15022.776479456503
1733,15022.827357762382
1734,15022.877970892096
1735,15022.927161034551
1736,15022.972392442498
1737,15023.013606045031
1738,15023.053769580178
1739,15023.091855789624
1740,15023.128632721482
1741,15023.164289245044
1742,15023.199147773319
1743,15023.232915789304
1744,15023.265779873738
1745,15023.297620889165
1746,15023.325658936394
1747,15023.352339837726
1748,15023.372522658292
1749,15023.389524491022
1750,15023.405150603416
1751,15023.420631031286
1752,15023.434803958944
1753,15023.445041595905
1754,15023.449425390567
1755,15023.452450253719
1756,15023.454888894625
1757,15023.457021272603
1758,15023.45074046746
1759,15023.440591249437
1760,15023.430391615262
1761,15023.420101605901
1762,15023.406568637532
1763,15023.391347530182
1764,15023.375696878493
1765,15023.357679234301
1766,15023.337530263996
1767,15023.303882546148
1768,15023.268345873095
1769,15023.229492493378
1770,15023.189976364123
1771,15023.15035364892
1772,15023.1084274494
1773,15023.064829618244
1774,15023.016868561226
1775,15022.966422002266
1776,15022.913183008584
1777,15022.857156184464
1778,15022.795140886572
1779,15022.731574089987
1780,15022.667910737564
1781,15022.60313990066
1782,15022.537298284575
1783,15022.46983201061
1784,15022.400071538634
1785,15022.323531399326
1786,15022.24569379229
1787,15022.167281977856
1788,15022.08796062057
1789,15022.00814617071
1790,15021.925657610707
1791,15021.841259821518
1792,15021.755546472674
1793,15021.666563200437
1794,15021.574510272321
1795,15021.48193272091
1796,15021.385106433236
1797,15021.285125366963
1798,15021.18053940902
1799,15021.067407376195
1800,15020.950869883998
1801,15020.831851681407
1802,15020.7101487674
1803,15020.586321321365
1804,15020.454284508189
1805,15020.320158187355
1806,15020.185019486114
1807,15020.04636775335
1808,15019.90364164623
1809,15019.750925126602
1810,15019.596205102871
1811,15019.439022192553
1812,15019.280198165443
1813,15019.120581828294
1814,15018.96094460158
1815,15018.798904022342
1816,15018.636730849139
1817,15018.473798427327
1818,15018.306462859911
1819,15018.136988390748
1820,15017.966380576378
1821,15017.789922297747
1822,15017.612921847083
1823,15017.435224660825
1824,15017.25307129464
1825,15017.069419324265
1826,15016.883391100791
1827,15016.69548535709
1828,15016.500253160677
1829,15016.301559894893
1830,15016.101326858936
1831,15015.900917940546
1832,15015.698221346494
1833,15015.495268559296
1834,15015.290874871107
1835,15015.085813289239
1836,15014.877202112482
1837,15014.667554515561
1838,15014.455707165407
1839,15014.242061749112
1840,15014.028182611022
1841,15013.813852836907
1842,15013.594377753263
1843,15013.373988899066
1844,15013.151982218955
1845,15012.929354587046
1846,15012.704157876662
1847,15012.47818736295
1848,15012.251591222286
1849,15012.024193654292
1850,15011.79260617034
1851,15011.560820745186
1852,15011.326745690603
1853,15011.092135615372
1854,15010.855520773293
1855,15010.617446737488
1856,15010.378947993246
1857,15010.139956699184
1858,15009.900741120387
1859,15009.659313522714
1860,15009.415014557278
1861,15009.168053300262
1862,15008.917153010065
1863,15008.66616834568
1864,15008.413437651692
1865,15008.15752405439
1866,15007.901531130276
1867,15007.644932641655
1868,15007.385548947528
1869,15007.125175003166
1870,15006.862001612495
1871,15006.598314866882
1872,15006.331822037255
1873,15006.064700366258
1874,15005.796465439784
1875,15005.528115749366
1876,15005.256518632392
1877,15004.984467594963
1878,15004.711753440059
1879,15004.435480318178
1880,15004.158953357186
1881,15003.8798202543
1882,15003.600132619531
1883,15003.312292896624
1884,15003.024073206527
1885,15002.734831895432
1886,15002.444135200201
1887,15002.14957259694
1888,15001.85265285414
1889,15001.555304291362
1890,15001.25666340946
1891,15000.956950209571
1892,15000.657054980991
1893,15000.355777529247
1894,15000.054383947667
1895,14999.751895328413
1896,14999.444342835974
1897,14999.135870232083
1898,14998.825868313997
1899,14998.51519458284
1900,14998.20412416842
1901,14997.888499893776
1902,14997.570682946458
1903,14997.249894977918
1904,14996.928181324709
1905,14996.604695006044
1906,14996.279959923622
1907,14995.955097230672
1908,14995.624824596372
1909,14995.292438792208
1910,14994.960006787383
1911,14994.626957468572
1912,14994.292547339204
1913,14993.949279754317
1914,14993.60452289696
1915,14993.258578219578
1916,14992.909691919072
1917,14992.555097097886
1918,14992.199766438258
1919,14991.843019302913
1920,14991.485760015155
1921,14991.126620685689
1922,14990.767416129853
1923,14990.400692617663
1924,14990.032377966796
1925,14989.658977049658
1926,14989.284369806472
1927,14988.909237832748
1928,14988.533982566183
1929,14988.158440450974
1930,14987.78167688037
1931,14987.404652135521
1932,14987.026176009702
1933,14986.642634906237
1934,14986.258554514909
1935,14985.873247545436
1936,14985.484553460175
1937,14985.093749847156
1938,14984.699709914878
1939,14984.304680836913
1940,14983.909337660798
1941,14983.513905079817
1942,14983.117918219044
1943,14982.720376201985
1944,14982.321989967908
1945,14981.92142855773
1946,14981.520758522947
1947,14981.118945623379
1948,14980.714922640549
1949,14980.303585870959
1950,14979.891570045455
1951,14979.478519662496
1952,14979.06092922017
1953,14978.642118856336
1954,14978.223165481488
1955,14977.800633452414
1956,14977.377069011436
1957,14976.952832002233
1958,14976.5154608437
1959,14976.077896000852
1960,14975.636019456859
1961,14975.192085608589
1962,14974.746402212271
1963,14974.300203878607
1964,14973.85255576521
1965,14973.400332923598
1966,14972.946793662435
1967,14972.48958815109
1968,14972.032228715168
1969,14971.574404771642
1970,14971.116278434249
1971,14970.65510692204
1972,14970.19129076937
1973,14969.725543753382
1974,14969.258209379119
1975,14968.787212219386
1976,14968.315647658834
1977,14967.843987387036
1978,14967.370170076681
1979,14966.892902941605
1980,14966.405868739108
1981,14965.916383564625
1982,14965.426305324436
1983,14964.934971860055
1984,14964.443230385119
1985,14963.950369324877
1986,14963.457463779547
1987,14962.962191039154
1988,14962.465969075312
1989,14961.969571779726
1990,14961.472348471489
1991,14960.975111688262
1992,14960.475880810489
1993,14959.975650082704
1994,14959.474989101049
1995,14958.972900591392
1996,14958.470145527483
1997,14957.963102313746
1998,14957.454056108334
1999,14956.944369002164
2000,14956.432176414963
2001,14955.919308210337
2002,14955.40589127571
2003,14954.892320419722
2004,14954.374139715937
2005,14953.854717266886
2006,14953.334395564732
2007,14952.81287931059
2008,14952.28984660446
2009,14951.76528456121
2010,14951.240341835688
2011,14950.71508290217
2012,14950.189211788875
2013,14949.662603372211
2014,14949.135157746348
2015,14948.607189308734
2016,14948.078410796395
2017,14947.547184963361
2018,14947.010556915262
2019,14946.471452397709
2020,14945.930803942761
2021,14945.389983985071
2022,14944.848629027734
2023,14944.30687750544
2024,14943.76475692596
2025,14943.221768388596
2026,14942.677962177137
2027,14942.133949584533
2028,14941.586107282612
2029,14941.037614584535
2030,14940.488945890284
2031,14939.938142949351
2032,14939.385002511659
2033,14938.830266702586
2034,14938.274823898088
2035,14937.71601346294
2036,14937.156723860737
2037,14936.597034242028
2038,14936.036661272994
2039,14935.476211705198
2040,14934.91445703489
2041,14934.352416628719
2042,14933.790186954026
2043,14933.227503228512
2044,14932.664616426136
2045,14932.09192849157
2046,14931.517868021761
2047,14930.94119594372
2048,14930.360864257056
2049,14929.779567289332
2050,14929.197873836902
2051,14928.615961816124
2052,14928.033984775311
2053,14927.451762448321
2054,14926.867654166197
2055,14926.283520870815
2056,14925.69845264999
2057,14925.111547099646
2058,14924.522742953228
2059,14923.932840984711
2060,14923.341741206877
2061,14922.749739841658
2062,14922.156113353878
2063,14921.561089003304
2064,14920.966017840645
2065,14920.370501342868
2066,14919.774788589144
2067,14919.178520299778
2068,14918.58222248524
2069,14917.985544200574
2070,14917.388417029442
2071,14916.789515925822
2072,14916.190385427319
2073,14915.590789354626
2074,14914.991063706138
2075,14914.388760240632
2076,14913.784511494716
2077,14913.178960081768
2078,14912.569508584314
2079,14911.959721682311
2080,14911.349064913193
2081,14910.738194926398
2082,14910.127165242373
2083,14909.51584332833
2084,14908.903249411474
2085,14908.290225209807
2086,14907.675765816504
2087,14907.06040531817
2088,14906.444702185177
2089,14905.828050576874
2090,14905.20875944768
2091,14904.585567690161
2092,14903.961982873887
2093,14903.33703319461
2094,14902.711749317532
2095,14902.082161921775
2096,14901.451994265924
2097,14900.821113245123
2098,14900.189680911686
2099,14899.558240244773
2100,14898.926461978537
2101,14898.294526264111
2102,14897.660324849796
2103,14897.024814521435
2104,14896.388987923438
2105,14895.750970166067
2106,14895.11167221964
2107,14894.470909528076
2108,14893.828073045048
2109,14893.18408298542
2110,14892.539400908201
2111,14891.894614391933
2112,14891.24922228663
2113,14890.603786393458
2114,14889.956531445652
2115,14889.308715877634
2116,14888.660866462937
2117,14888.010999537268
2118,14887.35919671192
2119,14886.70712826617
2120,14886.054729372776
2121,14885.399903727324
2122,14884.744988396567
2123,14884.090031015257
2124,14883.432677769197
2125,14882.7751628869
2126,14882.117251923435
2127,14881.45902381351
2128,14880.800525591683
2129,14880.141554347236
2130,14879.48223471278
2131,14878.822018446821
2132,14878.159919862042
2133,14877.497490155738
2134,14876.832771001187
2135,14876.16779405457
2136,14875.502129723613
2137,14874.83313445336
2138,14874.162887819595
2139,14873.491995858118
2140,14872.819264020985
2141,14872.145081729566
2142,14871.47055882568
2143,14870.79558458849
2144,14870.118350906792
2145,14869.44086064269
2146,14868.763368921851
2147,14868.083131902138
2148,14867.402344244385
2149,14866.718724784942
2150,14866.034721972454
2151,14865.347537059684
2152,14864.659718606243
2153,14863.969263157891
2154,14863.276756574147
2155,14862.583966144926
2156,14861.890083929502
2157,14861.195999840305
2158,14860.501007008761
2159,14859.80560836415
2160,14859.109674820667
2161,14858.412773103044
2162,14857.71540905049
2163,14857.015660029052
2164,14856.3157094247
2165,14855.615286207527
2166,14854.914362277535
2167,14854.213330779174
2168,14853.510814206846
2169,14852.807771304293
2170,14852.103723287195
2171,14851.399382657897
2172,14850.69398455795
2173,14849.988531805582
2174,14849.282199610083
2175,14848.575632919736
2176,14847.86904953791
2177,14847.161994496944
2178,14846.454008826142
2179,14845.742534141364
2180,14845.029712751715
2181,14844.31668461197
2182,14843.600764347559
2183,14842.883155303934
2184,14842.16434634382
2185,14841.444833584834
2186,14840.723537351938
2187,14840.000413223193
2188,14839.277111859383
2189,14838.553097578832
2190,14837.829044466724
2191,14837.104793373992
2192,14836.378397274017
2193,14835.650531430723
2194,14834.920604512674
2195,14834.188493909582
2196,14833.45583790328
2197,14832.722557172514
2198,14831.98691975814
2199,14831.251164911375
2200,14830.514225879626
2201,14829.776320102632
2202,14829.03833611514
2203,14828.2989536987
2204,14827.55847684677
2205,14826.815735811859
2206,14826.07229628806
2207,14825.327189600519
2208,14824.581582829062
2209,14823.835953620948
2210,14823.090294332806
2211,14822.343777878192
2212,14821.593874639862
2213,14820.843589220003
2214,14820.092228007426
2215,14819.340361185521
2216,14818.587522381376
2217,14817.834496235282
2218,14817.080435239643
2219,14816.3257233076
2220,14815.5708981538
2221,14814.815848152692
2222,14814.060626634673
2223,14813.30531599516
2224,14812.548826754823
2225,14811.791319381835
2226,14811.033348118617
2227,14810.27284059216
2228,14809.511339147291
2229,14808.74927153713
2230,14807.986338229528
2231,14807.222320549077
2232,14806.454473794362
2233,14805.685752166812
2234,14804.91701055975
2235,14804.147699022442
2236,14803.377595304342
2237,14802.606198881553
2238,14801.834722603482
2239,14801.062827516658
2240,14800.2908158893
2241,14799.518608403772
2242,14798.745298480808
2243,14797.971270122382
2244,14797.197116831649
2245,14796.421622799153
2246,14795.644178668435
2247,14794.865834736802
2248,14794.087395518034
2249,14793.308811626492
2250,14792.529736217415
2251,14791.75026039641
2252,14790.968984485511
2253,14790.187597920623
2254,14789.404940323635
2255,14788.619707830325
2256,14787.832103572715
2257,14787.043249649576
2258,14786.253994342791
2259,14785.464406996125
2260,14784.674358658136
2261,14783.8831279429
2262,14783.091664096359
2263,14782.299669801047
2264,14781.505746174937
2265,14780.708449982472
2266,14779.910926446468
2267,14779.113336148332
2268,14778.315663791478
2269,14777.51307257646
2270,14776.710346455273
2271,14775.906695986007
2272,14775.102990309548
2273,14774.2983685625
2274,14773.492778870967
2275,14772.68611955614
2276,14771.879133956403
2277,14771.072089790217
2278,14770.263509194401
2279,14769.454444042423
2280,14768.644043376653
2281,14767.833246441809
2282,14767.021912975115
2283,14766.209995602287
2284,14765.397662707393
2285,14764.585068389833
2286,14763.772088437241
2287,14762.958811758808
2288,14762.145117713224
2289,14761.331205673467
2290,14760.516554589178
2291,14759.701112686484
2292,14758.884908730923
2293,14758.066791849516
2294,14757.247871423431
2295,14756.428678355762
2296,14755.60931126038
2297,14754.789599163194
2298,14753.969578092281
2299,14753.149483248339
2300,14752.329247715912
2301,14751.508282312747
2302,14750.687240939988
2303,14749.865751572717
2304,14749.043993140425
2305,14748.221978801572
2306,14747.399351743044
2307,14746.57634307485
2308,14745.753304370484
2309,14744.93005362335
2310,14744.105836444793
2311,14743.281213464983
2312,14742.456230266347
2313,14741.629029839509
2314,14740.801793557905
2315,14739.972786771608
2316,14739.143508522824
2317,14738.313458690862
2318,14737.482179693912
2319,14736.649622252753
2320,14735.81648085648
2321,14734.982226818436
2322,14734.147778623796
2323,14733.312691138584
2324,14732.472893007296
2325,14731.631103309166
2326,14730.78928988589
2327,14729.947439650166
2328,14729.10529309372
2329,14728.261765669615
2330,14727.417769831589
2331,14726.57350690711
2332,14725.729009916884
2333,14724.883313108
2334,14724.037456476446
2335,14723.191428551927
2336,14722.344538707135
2337,14721.497444340434
2338,14720.649614718619
2339,14719.801767794006
2340,14718.953022184625
2341,14718.104029128825
2342,14717.253345955181
2343,14716.402554233733
2344,14715.551729735585
2345,14714.699266326985
2346,14713.84627229889
2347,14712.993270987912
2348,14712.139409822346
2349,14711.285309412375
2350,14710.43115886417
2351,14709.576669740849
2352,14708.720513450517
2353,14707.864177411997
2354,14707.007523381886
2355,14706.150840217002
2356,14705.294095745196
2357,14704.436933688427
2358,14703.579172673235
2359,14702.721031543457
2360,14701.862321942886
2361,14701.00175613755
2362,14700.140577228305
2363,14699.279178492847
2364,14698.41746333781
2365,14697.555311682265
2366,14696.691415619964
2367,14695.82739604553
2368,14694.962738260096
2369,14694.097079300123
2370,14693.231085113703
2371,14692.364900604978
2372,14691.498619545246
2373,14690.631060050417
2374,14689.763209691808
2375,14688.894190392992
2376,14688.023048326699
2377,14687.150897535692
2378,14686.275413133613
2379,14685.399712632629
2380,14684.52369914127
2381,14683.647368279318
2382,14682.77095224662
2383,14681.893561782426
2384,14681.014732421165
2385,14680.134624262852
2386,14679.254441220794
2387,14678.374130059097
2388,14677.493735161217
2389,14676.608483457103
2390,14675.722837722598
2391,14674.836188154813
2392,14673.949500195708
2393,14673.061973617543
2394,14672.174246230272
2395,14671.284797203758
2396,14670.39398101269
2397,14669.501629417155
2398,14668.608996642479
2399,14667.715825401187
2400,14666.820835224096
2401,14665.924923631148
2402,14665.028638016971
2403,14664.131082675693
2404,14663.232171653832
2405,14662.332771584826
2406,14661.433166272518
2407,14660.533411334973
2408,14659.6330078338
2409,14658.732455568781
2410,14657.83131511938
2411,14656.929963243612
2412,14656.028439425167
2413,14655.12684987506
2414,14654.22339959088
2415,14653.319051130613
2416,14652.413841382957
2417,14651.50755006092
2418,14650.600594231144
2419,14649.692345006357
2420,14648.783139340982
2421,14647.87179571004
2422,14646.958792089128
2423,14646.045328938557
2424,14645.131408982195
2425,14644.215941144856
2426,14643.29902607934
2427,14642.381245587796
2428,14641.462935808082
2429,14640.544580526632
2430,14639.626173739152
2431,14638.707106594147
2432,14637.78792036328
2433,14636.8686672661
2434,14635.948884739526
2435,14635.028121258096
2436,14634.10730419079
2437,14633.186132772405
2438,14632.263177851682
2439,14631.339943038538
2440,14630.41614847543
2441,14629.491324856617
2442,14628.565211207328
2443,14627.638710894535
2444,14626.71192325369
2445,14625.784693286043
2446,14624.857375358626
2447,14623.929960221027
2448,14623.002348751157
2449,14622.074724590386
2450,14621.146273457227
2451,14620.217114407396
2452,14619.287556072168
2453,14618.35779887734
2454,14617.427801945665
2455,14616.49749211684
2456,14615.566761707023
2457,14614.634528992954
2458,14613.701973957115
2459,14612.768988553142
2460,14611.835196403335
2461,14610.899425129155
2462,14609.962193810514
2463,14609.024411080409
2464,14608.083317123619
2465,14607.141711969634
2466,14606.199688932209
2467,14605.257049322343
2468,14604.312095808351
2469,14603.365776871578
2470,14602.419358573494
2471,14601.47200559526
2472,14600.524169322347
2473,14599.576079037764
2474,14598.62788712914
2475,14597.679634393362
2476,14596.731274785194
2477,14595.782271888254
2478,14594.832005977
2479,14593.881062929373
2480,14592.929022905584
2481,14591.975459491765
2482,14591.021535323925
2483,14590.06678276941
2484,14589.111795331606
2485,14588.155669434896
2486,14587.198468532666
2487,14586.241025482963
2488,14585.283512352567
2489,14584.32429008669
2490,14583.363927620521
2491,14582.403130833702
2492,14581.441566151507
2493,14580.479052510476
2494,14579.516223911869
2495,14578.552067782735
2496,14577.587718723578
2497,14576.62270157853
2498,14575.657659692815
2499,14574.690913137509
2500,14573.723500807922
2501,14572.75596044797
2502,14571.78774877701
2503,14570.8188954532
2504,14569.848395762014
2505,14568.87597240735
2506,14567.90261929686
2507,14566.928869226951
2508,14565.954482349738
2509,14564.979833998254
2510,14564.004903478077
2511,14563.029508310392
2512,14562.052034667911
2513,14561.073751548434
2514,14560.09543358334
2515,14559.113703612991
2516,14558.13174764094
2517,14557.149695175758
2518,14556.165262436665
2519,14555.178885441646
2520,14554.19111134853
2521,14553.202979955082
2522,14552.213618816746
2523,14551.223863152381
2524,14550.232799394775
2525,14549.240950725783
2526,14548.248957966787
2527,14547.256094363249
2528,14546.262481503183
2529,14545.26839699637
2530,14544.274307640926
2531,14543.275221196876
2532,14542.276008650622
